﻿<?xml version="1.0" encoding="utf-8"?>
<Collection MaxLevel="4" TileSize="64" Format="png" NextItemId="202" ServerFormat="Default" xmlns="http://schemas.microsoft.com/deepzoom/2009">
  <Items>
    <I Id="0" N="0" Source="DZImages_images/5970.XML">
      <Size Width="256" Height="256" />
    </I>
    <I Id="1" N="1" Source="DZImages_images/5982.XML">
      <Size Width="256" Height="256" />
    </I>
    <I Id="2" N="2" Source="DZImages_images/5990.XML">
      <Size Width="256" Height="256" />
    </I>
    <I Id="3" N="3" Source="DZImages_images/5996.XML">
      <Size Width="256" Height="256" />
    </I>
    <I Id="4" N="4" Source="DZImages_images/51004.XML">
      <Size Width="256" Height="256" />
    </I>
    <I Id="5" N="5" Source="DZImages_images/51009.XML">
      <Size Width="256" Height="256" />
    </I>
    <I Id="6" N="6" Source="DZImages_images/51010.XML">
      <Size Width="256" Height="256" />
    </I>
    <I Id="7" N="7" Source="DZImages_images/51017.XML">
      <Size Width="256" Height="256" />
    </I>
    <I Id="8" N="8" Source="DZImages_images/51018.XML">
      <Size Width="256" Height="256" />
    </I>
    <I Id="9" N="9" Source="DZImages_images/51031.XML">
      <Size Width="256" Height="256" />
    </I>
    <I Id="10" N="10" Source="DZImages_images/51045.XML">
      <Size Width="256" Height="256" />
    </I>
    <I Id="11" N="11" Source="DZImages_images/51052.XML">
      <Size Width="256" Height="256" />
    </I>
    <I Id="12" N="12" Source="DZImages_images/51062.XML">
      <Size Width="256" Height="256" />
    </I>
    <I Id="13" N="13" Source="DZImages_images/51063.XML">
      <Size Width="256" Height="256" />
    </I>
    <I Id="14" N="14" Source="DZImages_images/51076.XML">
      <Size Width="256" Height="256" />
    </I>
    <I Id="15" N="15" Source="DZImages_images/51079.XML">
      <Size Width="256" Height="256" />
    </I>
    <I Id="16" N="16" Source="DZImages_images/51083.XML">
      <Size Width="256" Height="256" />
    </I>
    <I Id="17" N="17" Source="DZImages_images/51085.XML">
      <Size Width="256" Height="256" />
    </I>
    <I Id="18" N="18" Source="DZImages_images/51096.XML">
      <Size Width="256" Height="256" />
    </I>
    <I Id="19" N="19" Source="DZImages_images/51101.XML">
      <Size Width="256" Height="256" />
    </I>
    <I Id="20" N="20" Source="DZImages_images/51102.XML">
      <Size Width="256" Height="256" />
    </I>
    <I Id="21" N="21" Source="DZImages_images/51108.XML">
      <Size Width="256" Height="256" />
    </I>
    <I Id="22" N="22" Source="DZImages_images/51109.XML">
      <Size Width="256" Height="256" />
    </I>
    <I Id="23" N="23" Source="DZImages_images/51113.XML">
      <Size Width="256" Height="256" />
    </I>
    <I Id="24" N="24" Source="DZImages_images/51115.XML">
      <Size Width="256" Height="256" />
    </I>
    <I Id="25" N="25" Source="DZImages_images/51122.XML">
      <Size Width="256" Height="256" />
    </I>
    <I Id="26" N="26" Source="DZImages_images/51123.XML">
      <Size Width="256" Height="256" />
    </I>
    <I Id="27" N="27" Source="DZImages_images/51125.XML">
      <Size Width="256" Height="256" />
    </I>
    <I Id="28" N="28" Source="DZImages_images/51126.XML">
      <Size Width="256" Height="256" />
    </I>
    <I Id="29" N="29" Source="DZImages_images/51130.XML">
      <Size Width="256" Height="256" />
    </I>
    <I Id="30" N="30" Source="DZImages_images/51134.XML">
      <Size Width="256" Height="256" />
    </I>
    <I Id="31" N="31" Source="DZImages_images/51135.XML">
      <Size Width="256" Height="256" />
    </I>
    <I Id="32" N="32" Source="DZImages_images/51141.XML">
      <Size Width="256" Height="256" />
    </I>
    <I Id="33" N="33" Source="DZImages_images/51148.XML">
      <Size Width="256" Height="256" />
    </I>
    <I Id="34" N="34" Source="DZImages_images/51161.XML">
      <Size Width="256" Height="256" />
    </I>
    <I Id="35" N="35" Source="DZImages_images/51167.XML">
      <Size Width="256" Height="256" />
    </I>
    <I Id="36" N="36" Source="DZImages_images/51171.XML">
      <Size Width="256" Height="256" />
    </I>
    <I Id="37" N="37" Source="DZImages_images/51177.XML">
      <Size Width="256" Height="256" />
    </I>
    <I Id="38" N="38" Source="DZImages_images/51184.XML">
      <Size Width="256" Height="256" />
    </I>
    <I Id="39" N="39" Source="DZImages_images/51185.XML">
      <Size Width="256" Height="256" />
    </I>
    <I Id="40" N="40" Source="DZImages_images/51203.XML">
      <Size Width="256" Height="256" />
    </I>
    <I Id="41" N="41" Source="DZImages_images/51204.XML">
      <Size Width="256" Height="256" />
    </I>
    <I Id="42" N="42" Source="DZImages_images/51206.XML">
      <Size Width="256" Height="256" />
    </I>
    <I Id="43" N="43" Source="DZImages_images/51214.XML">
      <Size Width="256" Height="256" />
    </I>
    <I Id="44" N="44" Source="DZImages_images/51217.XML">
      <Size Width="256" Height="256" />
    </I>
    <I Id="45" N="45" Source="DZImages_images/51238.XML">
      <Size Width="256" Height="256" />
    </I>
    <I Id="46" N="46" Source="DZImages_images/51245.XML">
      <Size Width="256" Height="256" />
    </I>
    <I Id="47" N="47" Source="DZImages_images/51256.XML">
      <Size Width="256" Height="256" />
    </I>
    <I Id="48" N="48" Source="DZImages_images/51299.XML">
      <Size Width="256" Height="256" />
    </I>
    <I Id="49" N="49" Source="DZImages_images/51305.XML">
      <Size Width="256" Height="256" />
    </I>
    <I Id="50" N="50" Source="DZImages_images/51307.XML">
      <Size Width="256" Height="256" />
    </I>
    <I Id="51" N="51" Source="DZImages_images/51311.XML">
      <Size Width="256" Height="256" />
    </I>
    <I Id="52" N="52" Source="DZImages_images/51312.XML">
      <Size Width="256" Height="256" />
    </I>
    <I Id="53" N="53" Source="DZImages_images/51330.XML">
      <Size Width="256" Height="256" />
    </I>
    <I Id="54" N="54" Source="DZImages_images/51333.XML">
      <Size Width="256" Height="256" />
    </I>
    <I Id="55" N="55" Source="DZImages_images/51351.XML">
      <Size Width="256" Height="256" />
    </I>
    <I Id="56" N="56" Source="DZImages_images/51355.XML">
      <Size Width="256" Height="256" />
    </I>
    <I Id="57" N="57" Source="DZImages_images/51359.XML">
      <Size Width="256" Height="256" />
    </I>
    <I Id="58" N="58" Source="DZImages_images/51369.XML">
      <Size Width="256" Height="256" />
    </I>
    <I Id="59" N="59" Source="DZImages_images/51370.XML">
      <Size Width="256" Height="256" />
    </I>
    <I Id="60" N="60" Source="DZImages_images/51380.XML">
      <Size Width="256" Height="256" />
    </I>
    <I Id="61" N="61" Source="DZImages_images/51384.XML">
      <Size Width="256" Height="256" />
    </I>
    <I Id="62" N="62" Source="DZImages_images/51386.XML">
      <Size Width="256" Height="256" />
    </I>
    <I Id="63" N="63" Source="DZImages_images/51401.XML">
      <Size Width="256" Height="256" />
    </I>
    <I Id="64" N="64" Source="DZImages_images/51410.XML">
      <Size Width="256" Height="256" />
    </I>
    <I Id="65" N="65" Source="DZImages_images/51415.XML">
      <Size Width="256" Height="256" />
    </I>
    <I Id="66" N="66" Source="DZImages_images/51423.XML">
      <Size Width="256" Height="256" />
    </I>
    <I Id="67" N="67" Source="DZImages_images/51433.XML">
      <Size Width="256" Height="256" />
    </I>
    <I Id="68" N="68" Source="DZImages_images/51436.XML">
      <Size Width="256" Height="256" />
    </I>
    <I Id="69" N="69" Source="DZImages_images/51437.XML">
      <Size Width="256" Height="256" />
    </I>
    <I Id="70" N="70" Source="DZImages_images/51439.XML">
      <Size Width="256" Height="256" />
    </I>
    <I Id="71" N="71" Source="DZImages_images/51442.XML">
      <Size Width="256" Height="256" />
    </I>
    <I Id="72" N="72" Source="DZImages_images/51450.XML">
      <Size Width="256" Height="256" />
    </I>
    <I Id="73" N="73" Source="DZImages_images/51452.XML">
      <Size Width="256" Height="256" />
    </I>
    <I Id="74" N="74" Source="DZImages_images/51463.XML">
      <Size Width="256" Height="256" />
    </I>
    <I Id="75" N="75" Source="DZImages_images/51468.XML">
      <Size Width="256" Height="256" />
    </I>
    <I Id="76" N="76" Source="DZImages_images/51491.XML">
      <Size Width="256" Height="256" />
    </I>
    <I Id="77" N="77" Source="DZImages_images/51497.XML">
      <Size Width="256" Height="256" />
    </I>
    <I Id="78" N="78" Source="DZImages_images/51504.XML">
      <Size Width="256" Height="256" />
    </I>
    <I Id="79" N="79" Source="DZImages_images/51508.XML">
      <Size Width="256" Height="256" />
    </I>
    <I Id="80" N="80" Source="DZImages_images/51509.XML">
      <Size Width="256" Height="256" />
    </I>
    <I Id="81" N="81" Source="DZImages_images/51511.XML">
      <Size Width="256" Height="256" />
    </I>
    <I Id="82" N="82" Source="DZImages_images/51526.XML">
      <Size Width="256" Height="256" />
    </I>
    <I Id="83" N="83" Source="DZImages_images/51530.XML">
      <Size Width="256" Height="256" />
    </I>
    <I Id="84" N="84" Source="DZImages_images/51531.XML">
      <Size Width="256" Height="256" />
    </I>
    <I Id="85" N="85" Source="DZImages_images/51533.XML">
      <Size Width="256" Height="256" />
    </I>
    <I Id="86" N="86" Source="DZImages_images/51546.XML">
      <Size Width="256" Height="256" />
    </I>
    <I Id="87" N="87" Source="DZImages_images/51551.XML">
      <Size Width="256" Height="256" />
    </I>
    <I Id="88" N="88" Source="DZImages_images/51552.XML">
      <Size Width="256" Height="256" />
    </I>
    <I Id="89" N="89" Source="DZImages_images/51554.XML">
      <Size Width="256" Height="256" />
    </I>
    <I Id="90" N="90" Source="DZImages_images/51561.XML">
      <Size Width="256" Height="256" />
    </I>
    <I Id="91" N="91" Source="DZImages_images/51568.XML">
      <Size Width="256" Height="256" />
    </I>
    <I Id="92" N="92" Source="DZImages_images/51573.XML">
      <Size Width="256" Height="256" />
    </I>
    <I Id="93" N="93" Source="DZImages_images/51583.XML">
      <Size Width="256" Height="256" />
    </I>
    <I Id="94" N="94" Source="DZImages_images/51599.XML">
      <Size Width="256" Height="256" />
    </I>
    <I Id="95" N="95" Source="DZImages_images/51618.XML">
      <Size Width="256" Height="256" />
    </I>
    <I Id="96" N="96" Source="DZImages_images/51622.XML">
      <Size Width="256" Height="256" />
    </I>
    <I Id="97" N="97" Source="DZImages_images/51627.XML">
      <Size Width="256" Height="256" />
    </I>
    <I Id="98" N="98" Source="DZImages_images/51640.XML">
      <Size Width="256" Height="256" />
    </I>
    <I Id="99" N="99" Source="DZImages_images/51642.XML">
      <Size Width="256" Height="256" />
    </I>
    <I Id="100" N="100" Source="DZImages_images/51645.XML">
      <Size Width="256" Height="256" />
    </I>
    <I Id="101" N="101" Source="DZImages_images/51657.XML">
      <Size Width="256" Height="256" />
    </I>
    <I Id="102" N="102" Source="DZImages_images/51658.XML">
      <Size Width="256" Height="256" />
    </I>
    <I Id="103" N="103" Source="DZImages_images/51659.XML">
      <Size Width="256" Height="256" />
    </I>
    <I Id="104" N="104" Source="DZImages_images/51666.XML">
      <Size Width="256" Height="256" />
    </I>
    <I Id="105" N="105" Source="DZImages_images/51667.XML">
      <Size Width="256" Height="256" />
    </I>
    <I Id="106" N="106" Source="DZImages_images/51678.XML">
      <Size Width="256" Height="256" />
    </I>
    <I Id="107" N="107" Source="DZImages_images/51716.XML">
      <Size Width="256" Height="256" />
    </I>
    <I Id="108" N="108" Source="DZImages_images/51719.XML">
      <Size Width="256" Height="256" />
    </I>
    <I Id="109" N="109" Source="DZImages_images/51724.XML">
      <Size Width="256" Height="256" />
    </I>
    <I Id="110" N="110" Source="DZImages_images/51726.XML">
      <Size Width="256" Height="256" />
    </I>
    <I Id="111" N="111" Source="DZImages_images/51728.XML">
      <Size Width="256" Height="256" />
    </I>
    <I Id="112" N="112" Source="DZImages_images/51729.XML">
      <Size Width="256" Height="256" />
    </I>
    <I Id="113" N="113" Source="DZImages_images/51730.XML">
      <Size Width="256" Height="256" />
    </I>
    <I Id="114" N="114" Source="DZImages_images/51732.XML">
      <Size Width="256" Height="256" />
    </I>
    <I Id="115" N="115" Source="DZImages_images/51737.XML">
      <Size Width="256" Height="256" />
    </I>
    <I Id="116" N="116" Source="DZImages_images/51747.XML">
      <Size Width="256" Height="256" />
    </I>
    <I Id="117" N="117" Source="DZImages_images/51751.XML">
      <Size Width="256" Height="256" />
    </I>
    <I Id="118" N="118" Source="DZImages_images/51752.XML">
      <Size Width="256" Height="256" />
    </I>
    <I Id="119" N="119" Source="DZImages_images/51753.XML">
      <Size Width="256" Height="256" />
    </I>
    <I Id="120" N="120" Source="DZImages_images/51762.XML">
      <Size Width="256" Height="256" />
    </I>
    <I Id="121" N="121" Source="DZImages_images/51815.XML">
      <Size Width="256" Height="256" />
    </I>
    <I Id="122" N="122" Source="DZImages_images/51820.XML">
      <Size Width="256" Height="256" />
    </I>
    <I Id="123" N="123" Source="DZImages_images/51837.XML">
      <Size Width="256" Height="256" />
    </I>
    <I Id="124" N="124" Source="DZImages_images/51840.XML">
      <Size Width="256" Height="256" />
    </I>
    <I Id="125" N="125" Source="DZImages_images/51853.XML">
      <Size Width="256" Height="256" />
    </I>
    <I Id="126" N="126" Source="DZImages_images/51855.XML">
      <Size Width="256" Height="256" />
    </I>
    <I Id="127" N="127" Source="DZImages_images/51862.XML">
      <Size Width="256" Height="256" />
    </I>
    <I Id="128" N="128" Source="DZImages_images/51865.XML">
      <Size Width="256" Height="256" />
    </I>
    <I Id="129" N="129" Source="DZImages_images/51866.XML">
      <Size Width="256" Height="256" />
    </I>
    <I Id="130" N="130" Source="DZImages_images/51869.XML">
      <Size Width="256" Height="256" />
    </I>
    <I Id="131" N="131" Source="DZImages_images/51871.XML">
      <Size Width="256" Height="256" />
    </I>
    <I Id="132" N="132" Source="DZImages_images/51875.XML">
      <Size Width="256" Height="256" />
    </I>
    <I Id="133" N="133" Source="DZImages_images/51885.XML">
      <Size Width="256" Height="256" />
    </I>
    <I Id="134" N="134" Source="DZImages_images/51886.XML">
      <Size Width="256" Height="256" />
    </I>
    <I Id="135" N="135" Source="DZImages_images/51893.XML">
      <Size Width="256" Height="256" />
    </I>
    <I Id="136" N="136" Source="DZImages_images/51894.XML">
      <Size Width="256" Height="256" />
    </I>
    <I Id="137" N="137" Source="DZImages_images/51895.XML">
      <Size Width="256" Height="256" />
    </I>
    <I Id="138" N="138" Source="DZImages_images/51897.XML">
      <Size Width="256" Height="256" />
    </I>
    <I Id="139" N="139" Source="DZImages_images/51901.XML">
      <Size Width="256" Height="256" />
    </I>
    <I Id="140" N="140" Source="DZImages_images/51904.XML">
      <Size Width="256" Height="256" />
    </I>
    <I Id="141" N="141" Source="DZImages_images/51906.XML">
      <Size Width="256" Height="256" />
    </I>
    <I Id="142" N="142" Source="DZImages_images/51907.XML">
      <Size Width="256" Height="256" />
    </I>
    <I Id="143" N="143" Source="DZImages_images/51910.XML">
      <Size Width="256" Height="256" />
    </I>
    <I Id="144" N="144" Source="DZImages_images/51911.XML">
      <Size Width="256" Height="256" />
    </I>
    <I Id="145" N="145" Source="DZImages_images/51913.XML">
      <Size Width="256" Height="256" />
    </I>
    <I Id="146" N="146" Source="DZImages_images/51923.XML">
      <Size Width="256" Height="256" />
    </I>
    <I Id="147" N="147" Source="DZImages_images/51926.XML">
      <Size Width="256" Height="256" />
    </I>
    <I Id="148" N="148" Source="DZImages_images/51927.XML">
      <Size Width="256" Height="256" />
    </I>
    <I Id="149" N="149" Source="DZImages_images/51936.XML">
      <Size Width="256" Height="256" />
    </I>
    <I Id="150" N="150" Source="DZImages_images/51937.XML">
      <Size Width="256" Height="256" />
    </I>
    <I Id="151" N="151" Source="DZImages_images/51938.XML">
      <Size Width="256" Height="256" />
    </I>
    <I Id="152" N="152" Source="DZImages_images/51942.XML">
      <Size Width="256" Height="256" />
    </I>
    <I Id="153" N="153" Source="DZImages_images/51949.XML">
      <Size Width="256" Height="256" />
    </I>
    <I Id="154" N="154" Source="DZImages_images/51951.XML">
      <Size Width="256" Height="256" />
    </I>
    <I Id="155" N="155" Source="DZImages_images/51954.XML">
      <Size Width="256" Height="256" />
    </I>
    <I Id="156" N="156" Source="DZImages_images/51956.XML">
      <Size Width="256" Height="256" />
    </I>
    <I Id="157" N="157" Source="DZImages_images/51962.XML">
      <Size Width="256" Height="256" />
    </I>
    <I Id="158" N="158" Source="DZImages_images/51963.XML">
      <Size Width="256" Height="256" />
    </I>
    <I Id="159" N="159" Source="DZImages_images/51964.XML">
      <Size Width="256" Height="256" />
    </I>
    <I Id="160" N="160" Source="DZImages_images/51965.XML">
      <Size Width="256" Height="256" />
    </I>
    <I Id="161" N="161" Source="DZImages_images/51966.XML">
      <Size Width="256" Height="256" />
    </I>
    <I Id="162" N="162" Source="DZImages_images/51967.XML">
      <Size Width="256" Height="256" />
    </I>
    <I Id="163" N="163" Source="DZImages_images/51973.XML">
      <Size Width="256" Height="256" />
    </I>
    <I Id="164" N="164" Source="DZImages_images/51975.XML">
      <Size Width="256" Height="256" />
    </I>
    <I Id="165" N="165" Source="DZImages_images/51982.XML">
      <Size Width="256" Height="256" />
    </I>
    <I Id="166" N="166" Source="DZImages_images/51984.XML">
      <Size Width="256" Height="256" />
    </I>
    <I Id="167" N="167" Source="DZImages_images/51985.XML">
      <Size Width="256" Height="256" />
    </I>
    <I Id="168" N="168" Source="DZImages_images/51997.XML">
      <Size Width="256" Height="256" />
    </I>
    <I Id="169" N="169" Source="DZImages_images/52006.XML">
      <Size Width="256" Height="256" />
    </I>
    <I Id="170" N="170" Source="DZImages_images/52010.XML">
      <Size Width="256" Height="256" />
    </I>
    <I Id="171" N="171" Source="DZImages_images/52012.XML">
      <Size Width="256" Height="256" />
    </I>
    <I Id="172" N="172" Source="DZImages_images/52013.XML">
      <Size Width="256" Height="256" />
    </I>
    <I Id="173" N="173" Source="DZImages_images/52022.XML">
      <Size Width="256" Height="256" />
    </I>
    <I Id="174" N="174" Source="DZImages_images/52023.XML">
      <Size Width="256" Height="256" />
    </I>
    <I Id="175" N="175" Source="DZImages_images/52024.XML">
      <Size Width="256" Height="256" />
    </I>
    <I Id="176" N="176" Source="DZImages_images/52025.XML">
      <Size Width="256" Height="256" />
    </I>
    <I Id="177" N="177" Source="DZImages_images/52026.XML">
      <Size Width="256" Height="256" />
    </I>
    <I Id="178" N="178" Source="DZImages_images/52027.XML">
      <Size Width="256" Height="256" />
    </I>
    <I Id="179" N="179" Source="DZImages_images/52028.XML">
      <Size Width="256" Height="256" />
    </I>
    <I Id="180" N="180" Source="DZImages_images/52029.XML">
      <Size Width="256" Height="256" />
    </I>
    <I Id="181" N="181" Source="DZImages_images/52030.XML">
      <Size Width="256" Height="256" />
    </I>
    <I Id="182" N="182" Source="DZImages_images/52031.XML">
      <Size Width="256" Height="256" />
    </I>
    <I Id="183" N="183" Source="DZImages_images/52032.XML">
      <Size Width="256" Height="256" />
    </I>
    <I Id="184" N="184" Source="DZImages_images/52078.XML">
      <Size Width="256" Height="256" />
    </I>
    <I Id="185" N="185" Source="DZImages_images/52123.XML">
      <Size Width="256" Height="256" />
    </I>
    <I Id="186" N="186" Source="DZImages_images/52124.XML">
      <Size Width="256" Height="256" />
    </I>
    <I Id="187" N="187" Source="DZImages_images/52125.XML">
      <Size Width="256" Height="256" />
    </I>
    <I Id="188" N="188" Source="DZImages_images/52126.XML">
      <Size Width="256" Height="256" />
    </I>
    <I Id="189" N="189" Source="DZImages_images/52129.XML">
      <Size Width="256" Height="256" />
    </I>
    <I Id="190" N="190" Source="DZImages_images/52130.XML">
      <Size Width="256" Height="256" />
    </I>
    <I Id="191" N="191" Source="DZImages_images/52131.XML">
      <Size Width="256" Height="256" />
    </I>
    <I Id="192" N="192" Source="DZImages_images/52132.XML">
      <Size Width="256" Height="256" />
    </I>
    <I Id="193" N="193" Source="DZImages_images/52133.XML">
      <Size Width="256" Height="256" />
    </I>
    <I Id="194" N="194" Source="DZImages_images/52134.XML">
      <Size Width="256" Height="256" />
    </I>
    <I Id="195" N="195" Source="DZImages_images/52135.XML">
      <Size Width="256" Height="256" />
    </I>
    <I Id="196" N="196" Source="DZImages_images/52136.XML">
      <Size Width="256" Height="256" />
    </I>
    <I Id="197" N="197" Source="DZImages_images/52137.XML">
      <Size Width="256" Height="256" />
    </I>
    <I Id="198" N="198" Source="DZImages_images/52138.XML">
      <Size Width="256" Height="256" />
    </I>
    <I Id="199" N="199" Source="DZImages_images/52139.XML">
      <Size Width="256" Height="256" />
    </I>
    <I Id="200" N="200" Source="DZImages_images/52140.XML">
      <Size Width="256" Height="256" />
    </I>
    <I Id="201" N="201" Source="DZImages_images/52141.XML">
      <Size Width="256" Height="256" />
    </I>
  </Items>
</Collection>